date,commit,config,hypothesis,dataset,split,mode,E1,E2,E3,E5,E7,seed,notes
2026-09-26,1342aa6,configs/phase0_eval_notes.yaml,"Basic Pitch, unmodified, achieves a plausible onset-only note F1 on GuitarSet's microphone channel -- high enough to show the harness works end to end, and well short of solved. A value near 0.0 or near 1.0 indicates a bug, not a result.",guitarset,test,e2e,0.7437,,,,2.73,0,audio_mic; onset 0.5; frame 0.3; basic-pitch-0.4.0; 360 tracks
2026-09-27,7b378f7,configs/m1_full_eval.yaml + configs/phase1_baseline.yaml,"A hand-set cost model decoded with Viterbi recovers reference string assignments well above chance in oracle mode, and its forward-backward posteriors are informative enough to be worth calibrating. End-to-end results will be substantially worse, bounded by the Phase 0 note F1 of 0.744.",guitarset,test,oracle,1,0.6366,0.9835,0.1632,0.03696,0,"audio_mic; hand-set weights (ADR 0012); E3 transitions 0.9170; E4 1.0000; 360 tracks; E7 is decode-only (360 cache hits, 0 misses)"
2026-09-27,7b378f7,configs/m1_full_eval.yaml + configs/phase1_baseline.yaml,"A hand-set cost model decoded with Viterbi recovers reference string assignments well above chance in oracle mode, and its forward-backward posteriors are informative enough to be worth calibrating. End-to-end results will be substantially worse, bounded by the Phase 0 note F1 of 0.744.",guitarset,test,e2e,0.7452,0.4231,0.9751,0.365,0.04098,0,"audio_mic; hand-set weights (ADR 0012); E3 transitions 0.9228; E4 1.0000; 360 tracks; E7 is decode-only (360 cache hits, 0 misses)"
2026-09-27,1147495,configs/phase1_baseline.yaml,"A 3-minute isolated-guitar file transcribes and decodes in under 60 s on the M4 (spec 4's performance target), measured cold rather than assumed.",guitarset (8 mic clips concatenated to 188.7 s),test,e2e,,,,,1.18,0,"runtime benchmark only; cold cache; total 3.70 s (transcribe 3.59, decode 0.11) vs 60 s target = 16x headroom; E4 1.0000; 680 groups, 1099 notes; E1/E2/E3/E5 not measured in this run"
2026-09-27,c032597,configs/m1_full_eval.yaml + configs/phase1_baseline.yaml,"A hand-set cost model decoded with Viterbi recovers reference string assignments well above chance in oracle mode, and its forward-backward posteriors are informative enough to be worth calibrating. End-to-end results will be substantially worse, bounded by the Phase 0 note F1 of 0.744.",guitarset,test,oracle,1,0.6599,0.9832,0.1652,0.04102,0,"audio_mic; hand-set weights (ADR 0012); E3 transitions 0.9134; E4 1.0000; 360 tracks; E7 is decode-only (360 cache hits, 0 misses)"
2026-09-27,c032597,configs/m1_full_eval.yaml + configs/phase1_baseline.yaml,"A hand-set cost model decoded with Viterbi recovers reference string assignments well above chance in oracle mode, and its forward-backward posteriors are informative enough to be worth calibrating. End-to-end results will be substantially worse, bounded by the Phase 0 note F1 of 0.744.",guitarset,test,e2e,0.7452,0.4318,0.9744,0.3851,0.04637,0,"audio_mic; hand-set weights (ADR 0012); E3 transitions 0.9164; E4 1.0000; 360 tracks; E7 is decode-only (360 cache hits, 0 misses)"
2026-09-27,dd61b12,configs/m1_full_eval.yaml + configs/phase1_baseline.yaml,"A hand-set cost model decoded with Viterbi recovers reference string assignments well above chance in oracle mode, and its forward-backward posteriors are informative enough to be worth calibrating. End-to-end results will be substantially worse, bounded by the Phase 0 note F1 of 0.744.",guitarset,test,oracle,1,0.6599,0.9971,0.1652,0.04129,0,"audio_mic; hand-set weights (ADR 0012); E3 transitions 0.9134; E4 1.0000; 360 tracks; E7 is decode-only (360 cache hits, 0 misses)"
2026-09-27,dd61b12,configs/m1_full_eval.yaml + configs/phase1_baseline.yaml,"A hand-set cost model decoded with Viterbi recovers reference string assignments well above chance in oracle mode, and its forward-backward posteriors are informative enough to be worth calibrating. End-to-end results will be substantially worse, bounded by the Phase 0 note F1 of 0.744.",guitarset,test,e2e,0.7452,0.4318,0.9897,0.3851,0.04297,0,"audio_mic; hand-set weights (ADR 0012); E3 transitions 0.9164; E4 1.0000; 360 tracks; E7 is decode-only (360 cache hits, 0 misses)"
2026-09-27,a05e1e0,configs/m1_full_eval.yaml + configs/phase1_baseline.yaml,"A hand-set cost model decoded with Viterbi recovers reference string assignments well above chance in oracle mode, and its forward-backward posteriors are informative enough to be worth calibrating. End-to-end results will be substantially worse, bounded by the Phase 0 note F1 of 0.744.",guitarset,test,oracle,1,0.6599,0.9971,0.1652,0.0413,0,"audio_mic; hand-set weights (ADR 0012); E1 is the pipeline's (placed) figure, transcriber raw 1.0000; E3 transitions 0.9134; E4 1.0000; 360 tracks; E7 is decode-only (360 cache hits, 0 misses) and too noisy to compare across runs (ADR 0018)"
2026-09-27,a05e1e0,configs/m1_full_eval.yaml + configs/phase1_baseline.yaml,"A hand-set cost model decoded with Viterbi recovers reference string assignments well above chance in oracle mode, and its forward-backward posteriors are informative enough to be worth calibrating. End-to-end results will be substantially worse, bounded by the Phase 0 note F1 of 0.744.",guitarset,test,e2e,0.7452,0.4318,0.9897,0.3851,0.04295,0,"audio_mic; hand-set weights (ADR 0012); E1 is the pipeline's (placed) figure, transcriber raw 0.7437; E3 transitions 0.9164; E4 1.0000; 360 tracks; E7 is decode-only (360 cache hits, 0 misses) and too noisy to compare across runs (ADR 0018)"
2026-09-27,013f1df,configs/m1_full_eval.yaml + configs/phase1_baseline.yaml,"A hand-set cost model decoded with Viterbi recovers reference string assignments well above chance in oracle mode, and its forward-backward posteriors are informative enough to be worth calibrating. End-to-end results will be substantially worse, bounded by the Phase 0 note F1 of 0.744.",guitarset,test,oracle,1,0.6599,0.997,0.1652,0.04274,0,"audio_mic; hand-set weights (ADR 0012); E1 is the pipeline's (placed) figure, transcriber raw 1.0000; E3 transitions 0.9134; E4 1.0000; 360 tracks; E7 is decode-only (360 cache hits, 0 misses) and too noisy to compare across runs (ADR 0018)"
2026-09-27,013f1df,configs/m1_full_eval.yaml + configs/phase1_baseline.yaml,"A hand-set cost model decoded with Viterbi recovers reference string assignments well above chance in oracle mode, and its forward-backward posteriors are informative enough to be worth calibrating. End-to-end results will be substantially worse, bounded by the Phase 0 note F1 of 0.744.",guitarset,test,e2e,0.7452,0.4318,0.9896,0.3851,0.04639,0,"audio_mic; hand-set weights (ADR 0012); E1 is the pipeline's (placed) figure, transcriber raw 0.7437; E3 transitions 0.9164; E4 1.0000; 360 tracks; E7 is decode-only (360 cache hits, 0 misses) and too noisy to compare across runs (ADR 0018)"
2026-09-27,013f1df,scripts/bench_decode.py --groups 500 --max-span 5,"ADR 0018's node lattice makes decoding measurably but negligibly slower. Stated before the run: the measured node/state ratio is 1.07x on real playing and Viterbi is O(T*S^2), so the cost should be well under 2x and invisible against spec 4's 60 s budget. Measured directly because the E7 column of the eval-m1 rows spans 0.0370 to 0.20 s per audio minute for equivalent work and cannot resolve it.","synthetic (500 single-note groups, chromatic cycle from A2)",none,e2e,,,,,,0,"decode microbenchmark, no metric computed -- E1-E5 and E7 deliberately blank. Median of 7 warmed runs, each commit loading its own source via PYTHONPATH. 057deb8 (bare-state lattice): viterbi 5.5 ms, decode 53.8 ms. 013f1df (node lattice, ADR 0018): viterbi 7.2 ms (+31%), decode 57.9 ms (+8%). Re-run with scripts/bench_decode.py; lattice sizes with scripts/measure_lattice.py."
2026-10-01,5f541a2,scripts/validate_playability.py,"ADR 0011's span thresholds (4 frets below fret 12, 5 at or above) are too strict for real human tablature: well under 100% of human chord shapes pass, with span the dominant reason. Written before the run, in the script's docstring.","dadagp-v1.1 (19,995 cleared songs, ADR 0021)",train,oracle,,,0.9986,,,0,"E3 measured on the human reference tab itself, no decoder involved. HYPOTHESIS REJECTED: groups pass 0.9986 (0.9794 without the barre rule); 16,769,383 shapes; failures span 12,380 and fingers 11,633. Transitions 0.8835 as implemented, 0.8513 with the hand carried across open shapes. Exploratory follow-up on 2,000 songs: 82.6% of failing moves are <= 3 frets and 77.9% are between single notes, i.e. the speed rule counts finger reach as hand movement. Parse: 10 negative-fret and 193 string-collision groups dropped, 9 zero-BPM tempo changes ignored."
